id,source,page,question,archetype,doesnt_fit_reason,difficulty,duplicate_group,likely_verifiable,output_unit,time_basis,filter_count,branches,catches,classifiers_agreed,reviewed,review_verdict,key_drivers_draft
FMS-01,FMS Consulting Casebook 2023-24,printed p.85,Estimate daily revenues of Delhi-Gurgaon toll plaza,Supply side,,medium,delhi-gurgaon-toll-revenue-per-day,maybe,value (money),flow per day,5,2,peak vs average,yes,no,,
FMS-02,FMS Consulting Casebook 2023-24,printed p.86,Estimate daily revenues of Times of India,Demand side,,hard,times-of-india-revenue,maybe,value (money),flow per day,3,3,channel mix; unfamiliar domain knowledge needed,yes,no,,
FMS-03,FMS Consulting Casebook 2023-24,printed p.87,Estimate the market size of Smart Watches in India,Demand side,,medium,smartwatch-market-india,yes,value (money),unclear,3,2,unit/time-frame conversion (stock vs per-period),yes,no,,
FMS-04,FMS Consulting Casebook 2023-24,printed p.88,Estimate the number of Smokers in India,Demand side,,medium,smokers-india,yes,count,stock,4,2,,yes,yes,fix model solution first,"Included bidi / non-filtered smokers, not only cigarettes | Varied smoking rate by gender and age | Excluded minors or treated them explicitly"
FMS-05,FMS Consulting Casebook 2023-24,printed p.89,Estimate the number of cheese burst pizzas sold by Dominos daily,Supply side,,hard,dominos-cheese-burst-per-day,maybe,count,flow per day,5,2,peak vs average; channel mix,yes,no,,
FMS-06,FMS Consulting Casebook 2023-24,printed p.90-92,Estimate the number of Petrol Pumps in Delhi / India (three approaches),Demand over supply,,hard,petrol-pumps,yes,count,stock,4,2,peak vs average,yes,yes,fix model solution first,Built fuel demand by vehicle type (km/day / mileage) | Built one pump's throughput (nozzles x fill time x hours x utilisation) | Kept stations vs nozzles distinct
FMS-07,FMS Consulting Casebook 2023-24,printed p.93-94,Estimate the number of TT balls used in a day in Delhi,Supply side,,hard,tt-balls-delhi-per-day,no,count,flow per day,4,3,unit/time-frame conversion (stock vs per-period); unfamiliar domain knowledge needed,yes,no,,
FMS-08,FMS Consulting Casebook 2023-24,printed p.95,Estimate the number of people wearing a white shirt in Delhi on any particular day,Demand side,,medium,white-shirts-delhi,no,count,one-off,3,3,,yes,no,,
FMS-09,FMS Consulting Casebook 2023-24,printed p.96,Estimate the number of Schools in Delhi,Demand over supply,,hard,schools-delhi,yes,count,stock,3,3,,yes,no,,
FMS-10,FMS Consulting Casebook 2023-24,printed p.97,Estimate number of flights departing from Delhi Airport in a Day,Supply side,,medium,delhi-airport-flights-per-day,yes,count,flow per day,3,2,peak vs average; unfamiliar domain knowledge needed,yes,yes,fix model solution first,Used stands/gates x (24h / turnaround time) | Applied utilisation by time of day | Split domestic and international turnaround times
FMS-11,FMS Consulting Casebook 2023-24,printed p.98-99,Estimate the number of tractors in India,Demand side,,hard,tractors-india,yes,count,unclear,6,2,unit/time-frame conversion (stock vs per-period); unfamiliar domain knowledge needed,yes,no,,
FMS-12,FMS Consulting Casebook 2023-24,printed p.100,Estimate the market size of EV in India,Demand side,,hard,ev-market-india,maybe,value (money),flow per year,4,2,unit/time-frame conversion (stock vs per-period),yes,no,,
FMS-13,FMS Consulting Casebook 2023-24,printed p.101,Estimate the revenue of flat screen televisions sold in Australia in the past 12 months,Demand side,,medium,flat-tv-australia-revenue,yes,value (money),flow per year,1,1,unit/time-frame conversion (stock vs per-period),yes,no,,
FMS-14,FMS Consulting Casebook 2023-24,printed p.102,Guesstimate the number of daily orders of Amazon India,Demand side,,hard,amazon-india-daily-orders,yes,count,flow per day,4,2,mixed units to align,yes,yes,fine,Filtered internet users by income and age for buying frequency | Converted annual order frequency to daily orders | Applied Amazon's share of e-commerce orders
FMS-15,FMS Consulting Casebook 2023-24,printed p.103,Estimate the daily revenue of an airport,Supply side,,hard,airport-daily-revenue,no,value (money),flow per day,4,4,peak vs average; unfamiliar domain knowledge needed,yes,no,,
FMS-16,FMS Consulting Casebook 2023-24,printed p.104,What is the size of automobile tire market in India in 2020?,Demand side,,medium,tyre-market-india,yes,count,flow per year,3,2,unit/time-frame conversion (stock vs per-period),yes,no,,
FMS-17,FMS Consulting Casebook 2023-24,printed p.105,Estimate the number of bottles of wine consumed in India in a week.,Demand side,,hard,wine-india,yes,volume,flow per week (other),4,2,mixed units to align,yes,no,,
FMS-18,FMS Consulting Casebook 2023-24,printed p.106-107,Predict the user base of 1 litre Bisleri water bottle in Delhi,Demand side,,medium,bisleri-delhi-user-base,no,other (mixed count: people and restaurants),flow per year,3,2,,yes,no,,
FMS-19,FMS Consulting Casebook 2023-24,printed p.108,Estimate the amount of sanitizers used in Delhi in a month,Demand side,,medium,sanitizer-delhi-month,maybe,volume,flow per month,3,2,mixed units to align,yes,no,,
FMS-20,FMS Consulting Casebook 2023-24,printed p.109,Estimate the total number of BCom(H) admissions in Delhi University in a year.,Supply side,,medium,du-bcom-admissions,yes,count,flow per year,4,3,unfamiliar domain knowledge needed,yes,yes,fix model solution first,Counted colleges offering the course | Split honours vs programme seats by college tier | Applied fill rate (vacancies) to seats
FMS-21,FMS Consulting Casebook 2023-24,printed p.110,Estimate the number of credit cards issued in Delhi per annum,Demand side,,medium,credit-cards-issued-delhi-annual,yes,count,flow per year,3,2,unit/time-frame conversion (stock vs per-period),yes,no,,
FMS-22,FMS Consulting Casebook 2023-24,printed p.111,"Assuming Dream11 is starting its business in India (2018), estimate its total possible revenue in the first year",Demand side,,hard,dream11-revenue,maybe,value (money),flow per year,6,3,unfamiliar domain knowledge needed,yes,no,,
FMS-23,FMS Consulting Casebook 2023-24,printed p.112,Estimate the earnings of a pickpocket working in the Kamla market (also posed as: a market area of a metropolitan city),Supply side,,medium,pickpocket-earnings,no,value (money),flow per day,5,1,,no (resolved by tie-break rule),no,,
FMS-24,FMS Consulting Casebook 2023-24,printed p.113,Estimate the number of movie screens in Delhi,Demand over supply,,hard,movie-screens-delhi,yes,count,stock,3,2,mixed units to align,yes,yes,fix model solution first,Split moviegoers by frequency (buffs vs casual) | Built one screen's monthly seat capacity (shows x seats x occupancy x days) | Aligned monthly demand with daily show capacity
FMS-25,FMS Consulting Casebook 2023-24,printed p.114,Estimate the quantity of petrol used per day (in litres) for transportation in NCR,Demand side,,medium,petrol-consumption-ncr,maybe,volume,flow per day,3,2,,yes,yes,fix model solution first,"Split 2-wheelers and 4-wheelers with separate mileage | Scoped to private petrol vehicles (excluded diesel/CNG buses, trucks) | Used NCR population, not Delhi's"
FMS-26,FMS Consulting Casebook 2023-24,printed p.115,Estimate the number of Swiggy drivers in Mumbai,Demand over supply,,hard,swiggy-drivers,yes,count,stock,7,2,peak vs average,yes,yes,fix model solution first,"Sized fleet to peak-hour orders, not the daily average | Converted weekly orders to hourly | Applied Swiggy's share and orders per driver per hour"
FMS-27,FMS Consulting Casebook 2023-24,printed p.116,Estimate the number of passengers in Delhi Metro per day for yellow line,Supply side,,hard,delhi-metro-yellow-line-daily,yes,count,flow per day,4,2,peak vs average; unit/time-frame conversion (stock vs per-period),yes,no,,
FMS-28,FMS Consulting Casebook 2023-24,printed p.117,"If a UFO sucked all the toothbrushes in India, how many would it have?",Demand side,,medium,toothbrushes-india-stock,no,count,stock,2,2,unit/time-frame conversion (stock vs per-period),yes,no,,
180D-01,180 Degrees Consulting Guesstimates Book Vol 1,PDF 14 (printed 10),Market size of healthy biscuit industry,Demand side,,medium,healthy-biscuits-market,maybe,value (money),flow per year,3,1,mixed units to align,yes,yes,fix model solution first,Filtered by urban and income | Used per-biscuit or per-pack price consistently with the consumption unit | Sanity-checked against the total Indian biscuit market
180D-02,180 Degrees Consulting Guesstimates Book Vol 1,PDF 15 (printed 11),Number of Ola and Uber cabs running in Delhi NCR in a day,Demand over supply,,medium,ola-uber-cabs-delhi,maybe,count,flow per day,4,3,peak vs average,yes,yes,fix model solution first,"Estimated daily cab rides from the NCR population, not just users | Set rides per cab per day from shift hours and trip length | Divided daily rides by rides per cab"
180D-03,180 Degrees Consulting Guesstimates Book Vol 1,PDF 16 (printed 12),Number of flights taking off from Delhi in a week,Supply side,,hard,delhi-airport-flights-per-day,yes,count,unclear,3,2,peak vs average; mixed units to align; unfamiliar domain knowledge needed,yes,no,,
180D-04,180 Degrees Consulting Guesstimates Book Vol 1,PDF 17 (printed 13),Number of teacups consumed in Delhi in one day,Demand side,,medium,teacups-delhi-daily,maybe,count,flow per day,3,2,,yes,no,,
180D-05,180 Degrees Consulting Guesstimates Book Vol 1,PDF 19 (printed 15),Estimating the revenue of a salon,Supply side,,medium,salon-revenue,no,value (money),flow per year,4,2,peak vs average,yes,no,,
180D-06,180 Degrees Consulting Guesstimates Book Vol 1,PDF 20 (printed 16),Market size of fantasy sports,Demand side,,medium,fantasy-sports-market,yes,count,stock,3,1,,yes,yes,fix model solution first,"Defined 'market size' as users or revenue up front | Used a realistic age band (roughly 18-40), not only 18-25 men | Converted users to value: paying share x entry spend x contests per year"
180D-07,180 Degrees Consulting Guesstimates Book Vol 1,PDF 21 (printed 17),Number of orders placed on Swiggy in Delhi in a day,Demand side,,medium,swiggy-orders-per-day,maybe,count,flow per day,5,2,,yes,no,,
180D-08,180 Degrees Consulting Guesstimates Book Vol 1,PDF 22 (printed 18),Revenue of a Delhi-Gurgaon toll plaza in a day,Supply side,,medium,delhi-gurgaon-toll-revenue-per-day,yes,value (money),flow per day,5,2,peak vs average,yes,yes,fix model solution first,Counted booths in both directions | Split hours into peak and off-peak throughput | Applied vehicle-class mix with class-specific tolls (two-wheelers exempt)
180D-09,180 Degrees Consulting Guesstimates Book Vol 1,PDF 23-24 (printed 19-20),Number of credit cards in India,Demand side,,medium,credit-cards-india-stock,yes,count,stock,3,2,,yes,yes,fix model solution first,"Restricted base to adults/earners before applying income split | Filtered by credit eligibility or approval, not just willingness | Allowed more than one card per holder in higher income groups"
180D-10,180 Degrees Consulting Guesstimates Book Vol 1,PDF 25 (printed 21),Amount of paint required to paint your car,Doesn't fit,geometry,,paint-car,maybe,volume,one-off,2,2,unfamiliar domain knowledge needed,yes,no,,
180D-11,180 Degrees Consulting Guesstimates Book Vol 1,PDF 26 (printed 22),Bollywood movies released in India in a year,Supply side,,medium,bollywood-releases-per-year,yes,count,flow per year,2,2,unfamiliar domain knowledge needed,yes,no,,
180D-12,180 Degrees Consulting Guesstimates Book Vol 1,PDF 27 (printed 23),Market size of the tyre industry in India in a particular year in terms of revenue,Demand side,,medium,tyre-market-india,yes,value (money),flow per year,3,2,unit/time-frame conversion (stock vs per-period),yes,no,,
180D-13,180 Degrees Consulting Guesstimates Book Vol 1,PDF 29 (printed 25),Number of outstanding education loans in India,Demand side,,hard,education-loans-outstanding,yes,count,stock,4,2,unit/time-frame conversion (stock vs per-period),yes,yes,fix model solution first,"Used actual higher-education enrolment (tens of millions), not the whole 18-25 cohort | Converted annual new borrowers into an outstanding stock via tenure/repayment period | Set loan uptake by fee level (low at public, higher at private)"
180D-14,180 Degrees Consulting Guesstimates Book Vol 1,PDF 31 (printed 27),Revenue of a dentist in a day,Supply side,,medium,dentist-revenue,no,value (money),flow per day,3,3,mixed units to align,yes,yes,fix model solution first,Derived patients per hour from appointment length | Applied utilisation separately for peak and off-peak | Used a fee mix across consultation and procedures
180D-15,180 Degrees Consulting Guesstimates Book Vol 1,PDF 32 (printed 28),Annual revenue of a laundry service in Delhi,Supply side,,medium,laundry-revenue,no,value (money),flow per year,3,2,mixed units to align,yes,no,,
180D-16,180 Degrees Consulting Guesstimates Book Vol 1,PDF 33 (printed 29),Weekly revenue from the food stalls in a food court in a mall in Delhi,Demand side,,medium,mall-food-court-revenue,no,value (money),unclear,3,2,mixed units to align,yes,no,,
180D-17,180 Degrees Consulting Guesstimates Book Vol 1,PDF 34 (printed 30),Number of books read by an Indian during their lifetime,Doesn't fit,per-person lifetime time-use arithmetic,,books-read-lifetime,maybe,count,one-off,2,4,unit/time-frame conversion (stock vs per-period),yes,no,,
180D-18,180 Degrees Consulting Guesstimates Book Vol 1,PDF 35 (printed 31),Weekly commute time for office-goers in Delhi,Demand side,,hard,delhi-commute-time-weekly,no,other,unclear,4,3,mixed units to align,yes,no,,
180D-19,180 Degrees Consulting Guesstimates Book Vol 1,PDF 36 (printed 32),Expenditure incurred by the Government of India in the Lok Sabha Elections 2024,Doesn't fit,growth extrapolation,,lok-sabha-2024-expenditure,yes,value (money),one-off,3,1,forecast to a future year,yes,yes,drop,Anchored on a stated prior-election figure or built bottom-up from polling stations | Grew for inflation and electorate size separately | Stated whether security and EVM costs are included
180D-20,180 Degrees Consulting Guesstimates Book Vol 1,PDF 38 (printed 34),Market size for an alco-beverage firm in Mumbai,Demand side,,medium,alcobev-market-mumbai,maybe,count,stock,3,2,,yes,no,,
180D-21,180 Degrees Consulting Guesstimates Book Vol 1,PDF 40 (printed 36),Number of red cars in Delhi,Demand side,,medium,red-cars-delhi,maybe,count,stock,3,2,,yes,no,,
180D-22,180 Degrees Consulting Guesstimates Book Vol 1,PDF 41 (printed 37),Number of chairs in households of Delhi,Demand side,,medium,chairs-delhi-households,no,count,stock,2,3,,yes,no,,
180D-23,180 Degrees Consulting Guesstimates Book Vol 1,PDF 42 (printed 38),Number of students in SRCC who travel by metro everyday,Demand side,,medium,srcc-metro-students,no,count,flow per day,3,2,channel mix,yes,no,,
180D-24,180 Degrees Consulting Guesstimates Book Vol 1,PDF 43 (printed 39),Number of wine bottles sold in India,Demand side,,medium,wine-india,yes,count,flow per year,4,2,,yes,no,,
180D-25,180 Degrees Consulting Guesstimates Book Vol 1,PDF 44 (printed 40),Number of people that visit India Gate,Demand side,,medium,india-gate-visitors,maybe,count,flow per day,3,2,,yes,no,,
180D-26,180 Degrees Consulting Guesstimates Book Vol 1,PDF 45 (printed 41),Number of students using metro to commute to North Campus of Delhi University,Demand side,,hard,du-north-campus-metro-students,no,count,flow per day,4,2,channel mix,yes,no,,
180D-27,180 Degrees Consulting Guesstimates Book Vol 1,PDF 46 (printed 42),Number of flights at Delhi Airport in a day,Supply side,,medium,delhi-airport-flights-per-day,yes,count,flow per day,3,1,unfamiliar domain knowledge needed,yes,no,,
180D-28,180 Degrees Consulting Guesstimates Book Vol 1,PDF 47-48 (printed 43-44),Monthly revenue of Sarvana Bhavana,Supply side,,medium,saravana-bhavan-revenue,maybe,value (money),flow per month,3,2,peak vs average; mixed units to align,yes,no,,
180D-29,180 Degrees Consulting Guesstimates Book Vol 1,PDF 50 (printed 46),Market size of quick commerce in India,Demand side,,medium,quick-commerce-market-india,maybe,count,stock,4,2,,yes,no,,
180D-30,180 Degrees Consulting Guesstimates Book Vol 1,PDF 51 (printed 47),Size of advertising market on platforms other than traditional advertising platforms,Demand side,,medium,digital-ad-market-india,no,count,flow per day,3,2,unfamiliar domain knowledge needed,yes,no,,
180D-31,180 Degrees Consulting Guesstimates Book Vol 1,PDF 52 (printed 48),Size of animation/VFX market in India,Demand side,,hard,animation-vfx-market-india,no,other,unclear,3,3,unfamiliar domain knowledge needed,yes,no,,
180D-32,180 Degrees Consulting Guesstimates Book Vol 1,PDF 54 (printed 50),Volume of paint required to paint an Airbus 620,Doesn't fit,geometry,,paint-airplane,maybe,volume,one-off,3,2,unfamiliar domain knowledge needed,yes,no,,
180D-33,180 Degrees Consulting Guesstimates Book Vol 1,PDF 55-57 (printed 51-53),Milk required by each coffee shop in Connaught Place,Supply side,,medium,coffee-shop-milk-cp,no,volume,flow per day,4,2,peak vs average,yes,no,,
180D-34,180 Degrees Consulting Guesstimates Book Vol 1,PDF 58 (printed 54),Number of pens bought in a day in India,Demand side,,medium,pens-india-daily,maybe,count,flow per day,3,3,mixed units to align,yes,yes,fix model solution first,"Segmented by students, working adults, others | Based purchase rate on use-up and loss rate per segment | Converted monthly to daily at the end"
180D-35,180 Degrees Consulting Guesstimates Book Vol 1,PDF 59 (printed 55),Number of Spotify Premium subscribers in India,Demand side,,medium,spotify-premium-india,maybe,count,stock,4,2,,yes,no,,
IIMI-01,IIM Indore Casebook 2023-24,"printed p.141, lines 6406-6437",Client is the Government promoting pension investments for youngsters via UPI. Current value is ~10% of GDP; estimate how much the value can reach at the end of the next five years.,Doesn't fit,growth extrapolation,,pension-upi-5yr,maybe,other (percentage of GDP),stock (a total at a point in time),3,2,forecast to a future year,yes,yes,drop,"Rebuilt the current base before projecting | Applied growth to named drivers (UPI access, literacy, income) | Kept the unit consistent (% of GDP vs absolute value)"
IIMI-02,IIM Indore Casebook 2023-24,"printed p.142, lines 6441-6479",Estimate the market size of fiction books in India.,Demand side,,medium,fiction-books-market-india,maybe,value (money),flow per year,3,4,channel mix,yes,yes,drop,"Filtered to regular readers by literacy, income, age | Separated original vs pirated/second-hand copies by price | Stated scope (print only or including e-books)"
IIMI-03,IIM Indore Casebook 2023-24,"printed p.143, lines 6483-6509",Estimate the Market size of fitness bands in India.,Demand side,,hard,fitness-bands-india,yes,value (money),unclear,3,2,unit/time-frame conversion (stock vs per-period),yes,yes,fix model solution first,Converted owners (stock) to annual sales via replacement cycle | Filtered by income and fitness-conscious age groups | Multiplied by an average price to reach value
IIMI-04,IIM Indore Casebook 2023-24,"printed p.144, lines 6513-6547",Estimate the market size (by number of potential customers) for the plant-based meat in India,Demand side,,medium,plant-based-meat-india,no,count,stock (a total at a point in time),3,2,,yes,no,,
IIMI-05,IIM Indore Casebook 2023-24,"printed p.145, lines 6551-6581",Estimate the number of Flights In the air in India in a day.,Supply side,,hard,india-flights-per-day,yes,count,flow per day,4,3,peak vs average; unfamiliar domain knowledge needed,yes,yes,fix model solution first,Counted runway capacity by airport tier | Halved domestic movements (each flight takes off and lands in India) | Added international arrivals/departures and overflights
IIMI-06,IIM Indore Casebook 2023-24,"printed p.146, lines 6585-6617",Estimate the number of trees shed for meeting the annual demand for paper. (Geography: Mumbai),Demand side,,hard,paper-trees-mumbai,maybe,count,flow per year,2,4,mixed units to align; unfamiliar domain knowledge needed,yes,no,,
IIMI-07,IIM Indore Casebook 2023-24,"printed p.147, lines 6621-6657",Estimate the footfall of food store at IIM Indore,Demand side,,hard,iim-indore-food-store-footfall,maybe,count,flow per day,3,3,peak vs average,yes,no,,
IIMI-08,IIM Indore Casebook 2023-24,"printed p.148, lines 6661-6691",Calculate the number of two-wheelers sold in India in a year.,Demand side,,medium,two-wheelers-sold-india,yes,count,flow per year,3,2,unit/time-frame conversion (stock vs per-period),yes,no,,
IIMI-09,IIM Indore Casebook 2023-24,"printed p.149, lines 6695-6760",Please size the number of masks used in Delhi between the months of October 2019 and September 2020.,Demand side,,hard,masks-delhi-covid,maybe,count,one-off,4,4,unit/time-frame conversion (stock vs per-period); peak vs average,yes,no,,
IIMI-10,IIM Indore Casebook 2023-24,"printed p.150, lines 6764-6798",Estimate the market size of online fantasy gaming players of football in India for the first 2 years of entering in Indian Market.,Demand side,,hard,fantasy-football-india,maybe,count,stock (a total at a point in time),5,3,forecast to a future year,yes,no,,
IIMI-11,IIM Indore Casebook 2023-24,"printed p.151, lines 6802-6831",Estimate the total amount of cash withdrawn from ATMs in Bhubaneswar in a year.,Supply side,,medium,atm-cash-bhubaneswar,maybe,value (money),flow per year,5,2,peak vs average,yes,no,,
IIMI-12,IIM Indore Casebook 2023-24,"printed p.152, lines 6835-6869",Estimate the number of iPhone users in India right now.,Demand side,,medium,iphone-users-india,yes,count,stock (a total at a point in time),3,2,,yes,yes,fix model solution first,Filtered to smartphone owners before brand share | Filtered by income able to buy a premium phone | Applied a realistic iPhone share of that pool
IIMI-13,IIM Indore Casebook 2023-24,"printed p.153, lines 6873-6903",Estimate the number of planes in the sky at any moment,Supply side,,hard,planes-in-sky,yes,count,stock (a total at a point in time),2,2,unit/time-frame conversion (stock vs per-period); unfamiliar domain knowledge needed,yes,no,,
IIMI-14,IIM Indore Casebook 2023-24,"printed p.154, lines 6907-6937",Estimate the monthly earnings of an Uber driver in Mumbai,Supply side,,medium,uber-driver-earnings,yes,value (money),flow per month,4,2,peak vs average,yes,yes,fix model solution first,Included idle / dead time between rides (utilisation) | Deducted Uber commission and fuel per km | Scaled daily to monthly by working days
IIMI-15,IIM Indore Casebook 2023-24,"printed p.155, lines 6941-6992",Estimate the number of EV charging stations in Maharashtra in 2030,Demand over supply,,hard,ev-charging-stations,maybe,count,stock (a total at a point in time),4,2,forecast to a future year; unit/time-frame conversion (stock vs per-period),yes,no,,
IIMI-16,IIM Indore Casebook 2023-24,"printed p.35, lines 1450-1458",Let's first try to figure out how many queries the client (online food delivery platform) receives in a week. Choose a city of your choice and start.,Demand side,,hard,food-delivery-complaints-week,no,count,unclear,4,2,mixed units to align,yes,no,,
IIMI-17,IIM Indore Casebook 2023-24,"printed p.46, lines 1969-2006",Estimate revenue loss for an auto major for an SUV in the Indian market. The company had to stop its production of cars due to a semiconductor chip shortage.,Supply side,,hard,suv-chip-shortage-revenue-loss,maybe,value (money),unclear,3,1,unit/time-frame conversion (stock vs per-period); unfamiliar domain knowledge needed,no (resolved by tie-break rule),no,,
IIMI-18,IIM Indore Casebook 2023-24,"printed p.51, lines 2181-2204","Estimate the revenue of a Starbucks operating in CP, Delhi. After this look at the cost side of their operations.",Supply side,,medium,starbucks-cp-revenue,maybe,value (money),flow per day,3,2,peak vs average,yes,yes,fix model solution first,Identified the ordering counter as the bottleneck | Split peak and off-peak utilisation | Multiplied by cups per order and ticket size
IIMI-19,IIM Indore Casebook 2023-24,"printed p.61, lines 2775-2801","Why don't you find out the market size for the luxury watches (second-hand, Indore) and then proceed?",Demand side,,medium,luxury-watches-secondhand-indore,no,count,stock (a total at a point in time),3,1,unit/time-frame conversion (stock vs per-period),yes,no,,
IIMI-20,IIM Indore Casebook 2023-24,"printed p.68, lines 3057-3086",Say the client runs hovercrafts on the Bandra-Worli route. What do you think will be the market size?,Demand side,,medium,hovercraft-bandra-worli,yes,count,flow per day,3,2,peak vs average,yes,yes,fix model solution first,"Based on sea-link traffic, not all Bandra-Worli commuters | Split peak and off-peak for flow and occupancy | Applied a share willing to switch (last-mile hassle)"
IIMI-21,IIM Indore Casebook 2023-24,"printed p.70, lines 3137-3149","Client MNC chemicals producer launching a water-purifying powder sachet (6.2 US cents, treats 10 L). Can you find the expected market size for me?",Demand side,,medium,water-sachet-market,no,value (money),flow per day,3,2,,yes,no,,
IIMI-22,IIM Indore Casebook 2023-24,"printed p.75, lines 3360-3378",US beverage manufacturer entering energy drinks: let's start with estimating the market size first.,Demand side,,medium,energy-drink-market-us,yes,value (money),flow per year,4,2,,yes,no,,
IIMI-23,IIM Indore Casebook 2023-24,"printed p.77, lines 3466-3474","What would be the rough market size or bottles sold in a week (new energy drink, India)?",Demand side,,hard,energy-drink-india-weekly,maybe,volume,unclear,4,2,mixed units to align,yes,no,,
IIMI-24,IIM Indore Casebook 2023-24,"printed p.78, lines 3491-3521",An EV company wants to establish charging stations across highways. Estimate their total capital expenditure in a limited distance stretch across any national highway of your choice.,Demand over supply,,hard,ev-charging-highway-capex,no,count,one-off,4,1,unfamiliar domain knowledge needed,yes,no,,
IIMI-28,IIM Indore Casebook 2023-24,"printed p.103, lines 4677-4680",Ayurvedic children's cough syrup: market sizing to arrive at market size and target number of customers.,Demand side,,easy,ayurvedic-cough-syrup,no,count,unclear,3,1,,yes,no,,
IIMI-30,IIM Indore Casebook 2023-24,"printed p.133, lines 6113-6160",Evaluate the market size of fire extinguishers in India (residential segment) for a VC considering an investment.,Demand side,,medium,fire-extinguishers-residential,maybe,value (money),stock (a total at a point in time),3,2,unit/time-frame conversion (stock vs per-period),yes,no,,
IIML-01,IIM Lucknow Casebook,text lines 1928-1941 (PDF p.~40),(US football club entering Chinese league) Now estimate the market size.,Demand side,,easy,football-club-china,maybe,count,stock,1,1,,yes,yes,drop,"Defined market as viewers vs paying fans vs revenue | Filtered population to football-interested viewers | Stated unit (people, not money)"
IIML-02,IIM Lucknow Casebook,text lines 2480-2486 (PDF p.~52),(PE firm acquiring restaurant chain) estimate demand in a month: price per meal x potential market x frequency of visits.,Demand side,,medium,restaurant-demand-delhi-month,no,value (money),flow per month,2,3,,yes,no,,
IIML-06,IIM Lucknow Casebook,text lines 3656-3685 (PDF p.82-83),"HNI pledged $300 Mn to eradicate primary-school dropout in India; is it adequate? (candidate first estimated number of dropouts, then teachers needing training)",Demand over supply,,hard,school-dropout-funding,maybe,count,stock,3,2,unfamiliar domain knowledge needed,yes,no,,
IIML-07,IIM Lucknow Casebook,text lines 4252-4278 (PDF p.99),Can you estimate the yearly market size of fighter aircraft in the world?,Doesn't fit,budget cascade,,fighter-aircraft-market,maybe,count,flow per year,4,1,unit/time-frame conversion (stock vs per-period); unfamiliar domain knowledge needed,yes,no,,
IIML-09,IIM Lucknow Casebook,text lines 4535-4546 (PDF p.106),(Ed-tech/Byju's case) Can you estimate the market size in terms of the number of potential users?,Demand side,,medium,edtech-users-india,maybe,count,stock,4,1,,yes,no,,
IIML-10,IIM Lucknow Casebook,text lines 4655-4720 (PDF p.110-111),Our client is a fertilizer manufacturer and wants to extend into the cattle feed business for cows and buffaloes. Can you estimate the size of the market?,Demand side,,medium,cattle-feed-market,yes,count,stock,3,2,unfamiliar domain knowledge needed,yes,no,,
IIML-11,IIM Lucknow Casebook,text lines 5142-5171 (PDF p.122-123),"Our client has come up with a new cattle feed, should we launch it? (estimate the market size first)",Demand side,,hard,cattle-feed-market,yes,value (money),flow per year,4,2,unfamiliar domain knowledge needed,yes,yes,fix model solution first,"Started from cattle numbers (or milk demand converted to animals) | Applied share of animals fed commercial feed vs free grazing | Used feed kg per animal per day, annualised, x price"
IIML-12,IIM Lucknow Casebook,text lines 5459-5530 (PDF p.130-132),Estimate the number of X-ray machines sold in one year in Kolkata,Demand over supply,,hard,xray-machines-kolkata,maybe,count,flow per year,5,1,unit/time-frame conversion (stock vs per-period); unfamiliar domain knowledge needed,yes,no,,
IIML-18,IIM Lucknow Casebook,text lines 6473-6477 (PDF p.160),Estimate the market for women's exclusive credit cards.,Demand side,,easy,womens-credit-cards,maybe,count,stock,3,1,,yes,no,,
IIML-19,IIM Lucknow Casebook,text lines 7076-7104 (PDF p.177-178),Guesstimate the number of taxis serving Delhi International Airport on a normal working day.,Demand over supply,,medium,delhi-airport-taxis,maybe,count,flow per day,3,1,peak vs average,yes,no,,
IIML-20,IIM Lucknow Casebook,text lines 7427-7453 (PDF p.188-189),Estimate the number of mom-and-pop stores in India,Demand over supply,,medium,kirana-stores-india,yes,count,stock,2,3,,yes,yes,fine,"Segmented households by density (metro, other urban, rural) | Used households served per store for each segment | Kept units consistent (households vs people)"
IIML-21,IIM Lucknow Casebook,text lines 7636-7650 (PDF p.197),"Can you estimate the market size for this [basketball court booking] app in Delhi, considering just the court booking option?",Demand side,,easy,basketball-court-booking-delhi,no,count,stock,2,1,,yes,no,,
IIML-22,IIM Lucknow Casebook,text lines 7659-7686 (PDF p.197-198),"Your client is a Pharma Co., and they make patented insulin products in India. You've to estimate their total addressable market.",Demand side,,hard,insulin-market-india,maybe,volume,flow per year,6,2,unfamiliar domain knowledge needed,yes,no,,
IIML-23,IIM Lucknow Casebook,text lines 7745-7757 (PDF p.200),(Monetising India Gate) What would be the possible revenue from ticket sales? (estimate tourists visiting Delhi per year),Demand side,,medium,india-gate-visitors,maybe,value (money),flow per year,3,1,,yes,yes,drop,Converted room-nights to tourists via average length of stay | Applied share of Delhi tourists who visit India Gate | Multiplied by a ticket price and stated time basis
IIML-24,IIM Lucknow Casebook,text lines 7805-7812 (PDF p.201),(Insulin market leader growth case) Break down the annual market size for insulin in India.,Demand side,,hard,insulin-market-india,maybe,volume,flow per year,4,1,unfamiliar domain knowledge needed,yes,no,,
IIML-25,IIM Lucknow Casebook,text lines 8160-8218 (PDF p.210-212),Guesstimate the annual demand for wheat in India.,Demand side,,medium,wheat-india,yes,volume,flow per year,3,3,,yes,no,,
IIML-26,IIM Lucknow Casebook,text lines 8243-8266 (PDF p.212-213),Estimate the amount of wheat consumption in India,Demand side,,medium,wheat-india,yes,volume,flow per year,4,3,,yes,yes,fix model solution first,"Per-capita daily consumption varied by region (north vs south diet) | Included non-roti uses (bakery, snacks) and wastage | Stated scope (human food, fodder excluded)"
IIML-27,IIM Lucknow Casebook,text lines 8611-8645 (PDF p.223-224),Client (top-5 Indian automaker) started an EV company aiming for $1 Bn valuation in five years. Size the market and estimate how much they can capture.,Demand side,,medium,ev-company-valuation-india,maybe,value (money),flow per year,3,2,forecast to a future year,yes,no,,
